epoch,train_loss,val_loss,train_positive_distance,train_negative_distance,val_positive_distance,val_negative_distance,val_distance_gap,val_roc_auc,learning_rate,epoch_seconds
1,0.2757244115018845,0.2467289022445678,0.396616,0.45021293,0.4498303830623626,0.502362072467804,0.0525316894054412,0.5981159205908104,0.0005,135.37629300000026
2,0.2447980736637115,0.2442490790843963,0.45317087,0.51175344,0.4333813190460205,0.495122492313385,0.0617411732673645,0.6145943202531388,0.0005,116.58241879999969
3,0.2412169658374786,0.2374601689815521,0.45306933,0.5159635,0.4673795402050018,0.5398216247558594,0.0724420845508575,0.6333454322787597,0.0005,114.0159918999998
4,0.2380121251630783,0.2364403728485107,0.4530512,0.52512324,0.4576793909072876,0.5351987481117249,0.0775193572044372,0.638559712415774,0.0005,115.67755410000063
5,0.2365990346050262,0.236030770778656,0.4522787,0.5269837,0.4656887650489807,0.5352408289909363,0.0695520639419555,0.6376339310857722,0.0005,115.2404322000002
6,0.2357410632848739,0.2331528925418853,0.45746118,0.53416014,0.4680134952068329,0.5499169826507568,0.0819034874439239,0.6496569280956233,0.0005,115.8841252000002
7,0.2350976597166061,0.2303437049865722,0.45248765,0.5293318,0.4455475211143493,0.5301293730735779,0.0845818519592285,0.6619579515112028,0.0005,115.53488490000018
8,0.2347379173660278,0.2312277855873108,0.45400575,0.5319393,0.4598923325538635,0.5399698615074158,0.0800775289535522,0.6568569939851414,0.0005,115.5776493000003
9,0.2352509677934646,0.2309012944221496,0.4522421,0.5285314,0.444746196269989,0.530413031578064,0.0856668353080749,0.6594568138849919,0.0005,114.98412240000016
10,0.2340982030534744,0.2291067306995391,0.4512724,0.53090763,0.4564933180809021,0.544188916683197,0.0876955986022949,0.6653809903780183,0.0005,114.33258139999998
11,0.2332266136837005,0.2324326163291931,0.4523046,0.53446954,0.4240377247333526,0.500395655632019,0.0763579308986663,0.6569185754039774,0.0005,114.54801979999957
12,0.2342441134786606,0.2291533398389816,0.45517716,0.5341724,0.4655021429061889,0.5618645548820496,0.0963624119758606,0.66620856944544,0.0005,114.34474810000027
13,0.2335584132099151,0.2314979364395141,0.45231047,0.5327518,0.4498609006404876,0.5270716547966003,0.0772107541561126,0.6555422436932947,0.0005,113.26732459999948
14,0.2332861823272705,0.2296244984865188,0.45496094,0.534934,0.4524208307266235,0.5389897227287292,0.0865688920021057,0.6629957354217441,0.0005,114.27273049999984
15,0.2326390989351272,0.2305221187591552,0.45060375,0.53399485,0.4755162596702575,0.5784564018249512,0.1029401421546936,0.6661967091721793,0.0005,112.64223860000038
16,0.2327143059587478,0.230733613204956,0.45286703,0.53630644,0.433631032705307,0.5214881896972656,0.0878571569919586,0.6608264854422247,0.00025,112.70232690000012
17,0.2305966956853866,0.229201635479927,0.44984984,0.53766483,0.4588871300220489,0.5544613599777222,0.0955742299556732,0.6666333592325968,0.00025,114.64031109999996
18,0.2305415263462066,0.2284643923282623,0.45203727,0.5398366,0.4383222460746765,0.5236467719078064,0.0853245258331298,0.6689937336156224,0.00025,113.48340460000054
19,0.2306515218448639,0.2277248062610626,0.45215476,0.53892595,0.4332898557186126,0.5235862731933594,0.0902964174747467,0.6721791070066254,0.00025,112.83257649999996
20,0.230435665564537,0.2290292668581008,0.4519893825054168,0.5393399596214294,0.4398336708545685,0.5297786593437195,0.089944988489151,0.6670771894584451,0.00025,119.43325379999987
21,0.2289269817876816,0.2280437191486358,0.4512328803539276,0.5430264472961426,0.423499584197998,0.5203754305839539,0.0968758463859558,0.6720953850776722,0.00025,111.9536690999994
22,0.2288290079593658,0.2273085970878601,0.4485040605068207,0.5399903655052185,0.4551562368869781,0.5520181059837341,0.0968618690967559,0.6719355213944129,0.00025,112.50804549999884
23,0.2273348908185959,0.2286704120397567,0.4488415718078613,0.5461204051971436,0.4427016377449035,0.5329074263572693,0.0902057886123657,0.6684600013184303,0.00025,113.38607500000036
24,0.2292015294218063,0.2282272920131683,0.4500009417533874,0.5408384799957275,0.4532345235347748,0.5455535650253296,0.0923190414905548,0.6689480925640526,0.00025,113.35445359999903
25,0.2288764735174179,0.2278537249565124,0.4544055163860321,0.5468874573707581,0.4570336043834686,0.5557839870452881,0.0987503826618194,0.6697808117499028,0.000125,113.4105722000004
26,0.2276354018163681,0.2264163857460022,0.4507774412631988,0.5444225668907166,0.4487569630146026,0.5473648309707642,0.0986078679561615,0.6758177308405187,0.000125,112.42560889999912
27,0.2273856482648849,0.2258200767755508,0.4504077434539795,0.5466345548629761,0.4506447315216064,0.5467198491096497,0.0960751175880432,0.6781548446876217,0.000125,113.12331149999956
28,0.2281411794710159,0.22580941324234,0.449615865945816,0.5425693988800049,0.4459201097488403,0.5419235825538635,0.0960034728050232,0.6778769982860405,0.000125,113.54355699999904
29,0.2258112905454635,0.2250344542503357,0.4466273784637451,0.5463659763336182,0.4469681978225708,0.5489551424980164,0.1019869446754455,0.6809215084315542,0.000125,113.53047739999964
30,0.226608963356018,0.2249806087017059,0.4484674036502838,0.5472633838653564,0.4506323337554931,0.5560858249664307,0.1054534912109375,0.6807680648962153,0.000125,112.34969760000058
31,0.2272627097654342,0.2258965072154998,0.4506610035896301,0.5473450422286987,0.4643101692199707,0.5729912519454956,0.1086810827255249,0.6796269786055871,0.000125,112.72767920000116
32,0.2272756525039672,0.2261635083198547,0.4509086906909942,0.5468181371688843,0.4346703588962555,0.5282571315765381,0.0935867726802825,0.6780098813476663,0.000125,113.07614329999888
33,0.2267867884969711,0.2251139241456985,0.4506091475486755,0.5471424460411072,0.4491859674453735,0.5489506721496582,0.0997647047042846,0.6807053434511131,6.25e-05,111.8862246000008
34,0.2258887062835693,0.2248225950479507,0.4482865929603576,0.5469070672988892,0.4489521384239197,0.5497362613677979,0.1007841229438781,0.6814199599158764,6.25e-05,111.82579499999883
35,0.2265399070882797,0.2253382812023162,0.4498829543590545,0.5478179454803467,0.4437536597251892,0.5415225028991699,0.0977688431739807,0.680336794959756,6.25e-05,119.46857900000032
36,0.2252326858615875,0.2245171687602996,0.4485127925872803,0.5495335459709167,0.4454116523265838,0.5490992069244385,0.1036875545978546,0.6824821043876851,6.25e-05,112.60170459999972
37,0.2250157499408722,0.2241523364782333,0.4454527199268341,0.5468538999557495,0.4490857422351837,0.5528959035873413,0.1038101613521575,0.6837770142224077,6.25e-05,115.16331119999997
38,0.2232570314836502,0.2245994086742401,0.4471615254878998,0.5538156628608704,0.4467606246471405,0.5535487532615662,0.1067881286144256,0.6825609662046613,6.25e-05,112.94949319999978
39,0.2256727697134018,0.2248921149253845,0.4484511017799377,0.5483102202415466,0.4473558962345123,0.5464727282524109,0.0991168320178985,0.6812978371021667,6.25e-05,113.12917030000062
40,0.2249972691297531,0.2247266842603683,0.4514204561710357,0.5536855459213257,0.4504509270191192,0.5557175874710083,0.105266660451889,0.6808584069776967,6.25e-05,113.53623080000034
41,0.2253073562669754,0.2245119475841522,0.4486869573593139,0.549029529094696,0.4472315609455108,0.5494577288627625,0.1022261679172515,0.6825389856982306,3.125e-05,112.7621737999998
42,0.224782400522232,0.2242781036615371,0.4482834935188293,0.5513201355934143,0.4505113661289215,0.5538678169250488,0.1033564507961273,0.6834237660835706,3.125e-05,112.49564959999952
43,0.225658364572525,0.2241079860210418,0.4481119811534881,0.5477996468544006,0.4464225172996521,0.5494802594184875,0.1030577421188354,0.6839467581333074,3.125e-05,113.72283159999824
44,0.2233966962003707,0.2238661174297332,0.4452282786369324,0.5509258508682251,0.4470695555210113,0.5513917803764343,0.1043222248554229,0.6847674170412886,3.125e-05,113.50322150000102
