epoch	train_loss	positive_cosine	negative_cosine	cosine_gap	h_std	val_accuracy	val_macro_f1	val_balanced_accuracy	seconds
1	4.469125192881537	0.9742058680991256	0.9598013001703037	0.014404567928821868	0.015542542696452413	0.24843637855018968	0.21450858328574526	0.2629252462302781	6.060391799997888
2	4.437811137152262	0.9649393304672531	0.9455908530112002	0.019348477456052948	0.022883894021123535	0.26914795447554596	0.23173747050040816	0.2813044625941344	6.199455499998294
3	4.421325484156156	0.9606433680755557	0.9389822804882499	0.0216610875873058	0.02605936957431157	0.2779657541269353	0.23685480474629542	0.28713573278648546	6.226432499999646
4	4.403907282724127	0.9557374158286324	0.9315991190903087	0.024138296738323604	0.029613954401061564	0.27653029836973236	0.23523044626374356	0.28594112025357793	6.172215999991749
5	4.402182296201756	0.953878344465118	0.929492843241746	0.024385501223371964	0.03147126892192056	0.2759151030452169	0.23648438560159143	0.28711520590063927	5.805734699999448
6	4.391392207417652	0.9523292582751227	0.9263241637795597	0.026005094495563	0.032954132481842896	0.2825797190608018	0.24275536426929134	0.2958698325838906	18.674975700007053
7	4.387517122261425	0.9517823650356482	0.9251621225034329	0.02662024253221519	0.03409365415856412	0.2830923818312314	0.24340782714308584	0.2977274057226587	28.866443099992466
8	4.38144955798247	0.9498600277610605	0.9223331976752771	0.027526830085783403	0.035660740037664715	0.29057725827950376	0.24753972306080563	0.29935431347841496	29.15476459999627
9	4.374388125459504	0.9490720577566343	0.9203667652017716	0.0287052925548626	0.03713301951667655	0.29529375576745615	0.25188890470501907	0.30313457201006366	29.220250699989265
10	4.3714076230734475	0.9483128051794074	0.919234340861723	0.02907846431768439	0.038553722741032734	0.29232031169896444	0.25652555849893405	0.30906016784502477	29.008961800005636
11	4.362167878749252	0.9468406094344397	0.9160802513927562	0.03076035804168353	0.04018427440082166	0.288936737414129	0.249121284051642	0.30403960540943453	29.20249049999984
12	4.360641961768553	0.9468708212837973	0.9161302596897227	0.03074056159407467	0.04262423515319824	0.29662667897057315	0.2563461365646215	0.30751411199251294	28.955455799994525
13	4.342382302302371	0.9447219145162024	0.9110102295422282	0.03371168497397419	0.044384821172902794	0.29303803957756586	0.25373903701261263	0.3064346854601161	28.951438300005975
14	4.33969300781366	0.9450190348316961	0.9105591447634389	0.03445989006825726	0.04610472639930566	0.2830923818312314	0.24715372112268394	0.2948086425871249	29.34165149999899
15	4.3240363625065905	0.9440615861588104	0.9071612383022961	0.03690034785651435	0.04775882197876847	0.2825797190608018	0.2520136857598794	0.29261618883173884	28.59423770000285
16	4.298192876373407	0.94248103347568	0.900956872978138	0.041524160497542116	0.05024952100087028	0.27991387265456785	0.2522327909997459	0.29118321159478083	5.637916399995447
17	4.277630412533256	0.9419345608682234	0.8971880622236448	0.044746498644578594	0.05198530096404906	0.3010355787962678	0.2618689342726312	0.30541359615413594	5.578606299997773
18	4.262982783662049	0.9413868703316373	0.8936827395805388	0.047704130751098514	0.053893740342030504	0.29713934174100276	0.2650021490676097	0.3011986900305767	5.70026680000592
19	4.2424366809569385	0.9413719043532252	0.8895870619400372	0.05178484241318793	0.05417957305624911	0.2973444068491746	0.26507255998744167	0.3000905337021233	6.214379100012593
20	4.231004985113108	0.9410533150339307	0.8872310845570872	0.05382223047684354	0.05522115980434327	0.294165897672511	0.2616334296133404	0.2990734724332988	5.717203500011237
21	4.204666361609339	0.9409198570614079	0.8823478260421028	0.058572031019305096	0.05620372973864069	0.2998051881472367	0.264482435141379	0.3010415467345821	5.656402499997057
22	4.184184912039753	0.9405217315760855	0.8775394339071934	0.06298229766889217	0.0577567907850552	0.30195837178304114	0.26601353372369535	0.3004757587455269	5.667091600000276
23	4.17637726562558	0.9401149727092496	0.8756991368736151	0.06441583583563452	0.05896178713712855	0.3018558392289552	0.26496073705057616	0.3002681573215278	5.732043600000907
24	4.157589266055437	0.9405400356412387	0.8722499062806481	0.0682901293605906	0.05910496845728091	0.30441915308110323	0.26910639592193747	0.3025652914518709	5.777011400001356
25	4.154278236650242	0.9410579941118625	0.8715979160011494	0.06946007811071302	0.05896932089226781	0.300830513688096	0.2661042105692977	0.29760835948364767	9.474431299997377
26	4.136156392188127	0.940417998870516	0.8669080509885636	0.07350994788195243	0.0590062791148746	0.3037014252025018	0.27066922265712795	0.3021465560412732	28.00251500000013
27	4.129488397460474	0.941132606435638	0.8656247872363478	0.07550781919929012	0.05932831990854822	0.29488362555111247	0.25862711262899674	0.29282099766878694	28.91576889999851
28	4.119426652052557	0.940469659100014	0.8637614209389052	0.07670823816110879	0.06040592247995587	0.30503434840561877	0.2667491918511739	0.30104522284859325	27.806082299997797
29	4.113048119236761	0.9407667866677839	0.8617956042289734	0.07897118243881052	0.06003682957006045	0.3035988926484159	0.2619472649614191	0.29952665931327943	27.862698500000988
30	4.1086917639685225	0.9411677670569474	0.8611512317856909	0.0800165352712566	0.06040223486749845	0.30493181585153284	0.2655142531449333	0.30200399355004	27.85076129999652
31	4.0989479184603965	0.9412349283468587	0.8586783524701804	0.08255657587667835	0.06033165764219407	0.29580641853788575	0.26145013389909305	0.29627311351612856	27.71026969999366
32	4.086615927772377	0.9418095019380402	0.856838762986796	0.08497073895124428	0.060236884939693223	0.30042038347175226	0.2589630613544049	0.2948631648816445	27.657582200001343
33	4.078923990517968	0.9408586952169585	0.8539231834302837	0.08693551178667482	0.06092227741849286	0.30247103455347074	0.26324246788643	0.29994516220150286	27.72948299998825
34	4.084583134705576	0.9418621684208569	0.8552637204471196	0.08659844797373724	0.06048679395716906	0.3022659694452989	0.2661308514509689	0.299232161466937	27.716452600012417
